{"cameraMode":{"drawMode":0,"name":"Shaded","section":"Shading Mode"},"sceneLighting":true,"audioPlay":false,"sceneViewState":{"m_AlwaysRefresh":false,"showFog":true,"showSkybox":true,"showFlares":true,"showImageEffects":true,"showParticleSystems":true,"showVisualEffectGraphs":true,"m_FxEnabled":true},"in2DMode":false,"pivot":{"x":-0.3411248028278351,"y":1.2343193292617798,"z":1.1696734428405762},"rotation":{"x":-0.18365886807441712,"y":0.11500903964042664,"z":-0.021641632542014123,"w":-0.9759995937347412},"size":0.24901846051216126,"orthographic":true}